optimizer,optimizer_parameters,epoch,time,train_loss,train_accuracy,test_loss,test_accuracy
AdaGrad_Existing,"{'lr': 0.001, 'lr_decay': 0, 'eps': 1e-10, 'weight_decay': 0, 'initial_accumulator_value': 0, 'foreach': None, 'maximize': False, 'differentiable': False}",1,11.012175559997559,0.5065274550358454,0.8567,0.3515394604125152,0.8998
AdaGrad_Existing,"{'lr': 0.001, 'lr_decay': 0, 'eps': 1e-10, 'weight_decay': 0, 'initial_accumulator_value': 0, 'foreach': None, 'maximize': False, 'differentiable': False}",2,11.006888151168823,0.33882583162387214,0.9028,0.304942256827562,0.9101
AdaGrad_Existing,"{'lr': 0.001, 'lr_decay': 0, 'eps': 1e-10, 'weight_decay': 0, 'initial_accumulator_value': 0, 'foreach': None, 'maximize': False, 'differentiable': False}",3,11.212558507919312,0.29675751666824024,0.9146666666666666,0.27870296420285495,0.9165
AdaGrad_Existing,"{'lr': 0.001, 'lr_decay': 0, 'eps': 1e-10, 'weight_decay': 0, 'initial_accumulator_value': 0, 'foreach': None, 'maximize': False, 'differentiable': False}",4,11.029841423034668,0.27247710283100607,0.92165,0.2565685177352815,0.9252
AdaGrad_Existing,"{'lr': 0.001, 'lr_decay': 0, 'eps': 1e-10, 'weight_decay': 0, 'initial_accumulator_value': 0, 'foreach': None, 'maximize': False, 'differentiable': False}",5,10.889427423477173,0.2586982005854448,0.9249833333333334,0.24800916230633333,0.9276
AdaGrad_Existing,"{'lr': 0.001, 'lr_decay': 0, 'eps': 1e-10, 'weight_decay': 0, 'initial_accumulator_value': 0, 'foreach': None, 'maximize': False, 'differentiable': False}",6,11.060542821884155,0.24469078662792842,0.9295,0.23360923158165556,0.9335
AdaGrad_Existing,"{'lr': 0.001, 'lr_decay': 0, 'eps': 1e-10, 'weight_decay': 0, 'initial_accumulator_value': 0, 'foreach': None, 'maximize': False, 'differentiable': False}",7,10.962666988372803,0.23245481924613318,0.93225,0.22860347175339873,0.9324
AdaGrad_Existing,"{'lr': 0.001, 'lr_decay': 0, 'eps': 1e-10, 'weight_decay': 0, 'initial_accumulator_value': 0, 'foreach': None, 'maximize': False, 'differentiable': False}",8,10.949671506881714,0.22333544995387394,0.9351833333333334,0.21538972374521934,0.9367
AdaGrad_Existing,"{'lr': 0.001, 'lr_decay': 0, 'eps': 1e-10, 'weight_decay': 0, 'initial_accumulator_value': 0, 'foreach': None, 'maximize': False, 'differentiable': False}",9,11.092607021331787,0.21709954124589761,0.9376166666666667,0.207416130960309,0.9393
AdaGrad_Existing,"{'lr': 0.001, 'lr_decay': 0, 'eps': 1e-10, 'weight_decay': 0, 'initial_accumulator_value': 0, 'foreach': None, 'maximize': False, 'differentiable': False}",10,11.043765544891357,0.20886874534487723,0.9393166666666667,0.19963123799768834,0.942
