{"dataset_name": "MNIST", "batch_size": "32", "max_epoch": "10", "data_dir": "dataset/data/MNIST", "train_data": "Dataset MNIST\n    Number of datapoints: 60000\n    Root location: dataset/data/MNIST\n    Split: Train\n    StandardTransform\nTransform: ToTensor()", "test_data": "Dataset MNIST\n    Number of datapoints: 10000\n    Root location: dataset/data/MNIST\n    Split: Test\n    StandardTransform\nTransform: ToTensor()", "kw_loader": "{}", "model_name": "resnet", "kw_model": "{}", "kw_optimizer": "{}", "scheduler": "None", "kw_scheduler": "{}", "device": "cuda:0", "result_dir": "./result/MNIST/resnet"}