optimizer,optimizer_parameters,epoch,time,train_loss,train_accuracy,test_loss,test_accuracy
AdaGrad_Existing,"{'lr': 0.001, 'lr_decay': 0, 'eps': 1e-10, 'weight_decay': 0, 'initial_accumulator_value': 0, 'foreach': None, 'maximize': False, 'differentiable': False}",1,11.369097709655762,0.5065274550358454,0.8567,0.3515394604125152,0.8998
AdaGrad_Existing,"{'lr': 0.001, 'lr_decay': 0, 'eps': 1e-10, 'weight_decay': 0, 'initial_accumulator_value': 0, 'foreach': None, 'maximize': False, 'differentiable': False}",2,11.552029848098755,0.33882583162387214,0.9028,0.304942256827562,0.9101
AdaGrad_Existing,"{'lr': 0.001, 'lr_decay': 0, 'eps': 1e-10, 'weight_decay': 0, 'initial_accumulator_value': 0, 'foreach': None, 'maximize': False, 'differentiable': False}",3,11.207735538482666,0.29675751666824024,0.9146666666666666,0.27870296420285495,0.9165
AdaGrad_Existing,"{'lr': 0.001, 'lr_decay': 0, 'eps': 1e-10, 'weight_decay': 0, 'initial_accumulator_value': 0, 'foreach': None, 'maximize': False, 'differentiable': False}",4,11.21259331703186,0.27247710283100607,0.92165,0.2565685177352815,0.9252
AdaGrad_Existing,"{'lr': 0.001, 'lr_decay': 0, 'eps': 1e-10, 'weight_decay': 0, 'initial_accumulator_value': 0, 'foreach': None, 'maximize': False, 'differentiable': False}",5,11.145901918411255,0.2586982005854448,0.9249833333333334,0.24800916230633333,0.9276
AdaGrad_Existing,"{'lr': 0.001, 'lr_decay': 0, 'eps': 1e-10, 'weight_decay': 0, 'initial_accumulator_value': 0, 'foreach': None, 'maximize': False, 'differentiable': False}",6,11.157909870147705,0.24469078662792842,0.9295,0.23360923158165556,0.9335
AdaGrad_Existing,"{'lr': 0.001, 'lr_decay': 0, 'eps': 1e-10, 'weight_decay': 0, 'initial_accumulator_value': 0, 'foreach': None, 'maximize': False, 'differentiable': False}",7,11.378738164901733,0.23245481924613318,0.93225,0.22860347175339873,0.9324
AdaGrad_Existing,"{'lr': 0.001, 'lr_decay': 0, 'eps': 1e-10, 'weight_decay': 0, 'initial_accumulator_value': 0, 'foreach': None, 'maximize': False, 'differentiable': False}",8,11.108068466186523,0.22333544995387394,0.9351833333333334,0.21538972374521934,0.9367
AdaGrad_Existing,"{'lr': 0.001, 'lr_decay': 0, 'eps': 1e-10, 'weight_decay': 0, 'initial_accumulator_value': 0, 'foreach': None, 'maximize': False, 'differentiable': False}",9,11.076514482498169,0.21709954124589761,0.9376166666666667,0.207416130960309,0.9393
AdaGrad_Existing,"{'lr': 0.001, 'lr_decay': 0, 'eps': 1e-10, 'weight_decay': 0, 'initial_accumulator_value': 0, 'foreach': None, 'maximize': False, 'differentiable': False}",10,11.063127279281616,0.20886874534487723,0.9393166666666667,0.19963123799768834,0.942
AdaGrad_Existing,"{'lr': 0.001, 'lr_decay': 0, 'eps': 1e-10, 'weight_decay': 0, 'initial_accumulator_value': 0, 'foreach': None, 'maximize': False, 'differentiable': False}",11,11.05893349647522,0.20281955983936786,0.9413,0.19596367354799335,0.9407
AdaGrad_Existing,"{'lr': 0.001, 'lr_decay': 0, 'eps': 1e-10, 'weight_decay': 0, 'initial_accumulator_value': 0, 'foreach': None, 'maximize': False, 'differentiable': False}",12,11.125938653945923,0.1961907577862342,0.9426166666666667,0.19101071260057198,0.9437
AdaGrad_Existing,"{'lr': 0.001, 'lr_decay': 0, 'eps': 1e-10, 'weight_decay': 0, 'initial_accumulator_value': 0, 'foreach': None, 'maximize': False, 'differentiable': False}",13,10.920345783233643,0.19026327731609344,0.9444,0.18793211901893678,0.9452
AdaGrad_Existing,"{'lr': 0.001, 'lr_decay': 0, 'eps': 1e-10, 'weight_decay': 0, 'initial_accumulator_value': 0, 'foreach': None, 'maximize': False, 'differentiable': False}",14,11.124164819717407,0.1869286300768455,0.9458,0.1842777039037464,0.9461
AdaGrad_Existing,"{'lr': 0.001, 'lr_decay': 0, 'eps': 1e-10, 'weight_decay': 0, 'initial_accumulator_value': 0, 'foreach': None, 'maximize': False, 'differentiable': False}",15,11.086297750473022,0.18180465945800145,0.9473333333333334,0.18268557383080783,0.9471
AdaGrad_Existing,"{'lr': 0.001, 'lr_decay': 0, 'eps': 1e-10, 'weight_decay': 0, 'initial_accumulator_value': 0, 'foreach': None, 'maximize': False, 'differentiable': False}",16,11.045058250427246,0.17766758548816045,0.9478333333333333,0.17487471566473048,0.9481
AdaGrad_Existing,"{'lr': 0.001, 'lr_decay': 0, 'eps': 1e-10, 'weight_decay': 0, 'initial_accumulator_value': 0, 'foreach': None, 'maximize': False, 'differentiable': False}",17,11.087181329727173,0.17714126365482807,0.9487666666666666,0.17335914218569168,0.9478
AdaGrad_Existing,"{'lr': 0.001, 'lr_decay': 0, 'eps': 1e-10, 'weight_decay': 0, 'initial_accumulator_value': 0, 'foreach': None, 'maximize': False, 'differentiable': False}",18,11.041765451431274,0.17210266708880662,0.9495166666666667,0.1714534947065452,0.9484
AdaGrad_Existing,"{'lr': 0.001, 'lr_decay': 0, 'eps': 1e-10, 'weight_decay': 0, 'initial_accumulator_value': 0, 'foreach': None, 'maximize': False, 'differentiable': False}",19,10.923865795135498,0.16792674400359392,0.9511333333333334,0.16931781306871757,0.951
AdaGrad_Existing,"{'lr': 0.001, 'lr_decay': 0, 'eps': 1e-10, 'weight_decay': 0, 'initial_accumulator_value': 0, 'foreach': None, 'maximize': False, 'differentiable': False}",20,10.96755599975586,0.1647128034234047,0.9521666666666667,0.16937036030053998,0.9486
AdaGrad_Existing,"{'lr': 0.001, 'lr_decay': 0, 'eps': 1e-10, 'weight_decay': 0, 'initial_accumulator_value': 0, 'foreach': None, 'maximize': False, 'differentiable': False}",21,11.072859048843384,0.16074451390107472,0.95255,0.16958316873770934,0.9487
AdaGrad_Existing,"{'lr': 0.001, 'lr_decay': 0, 'eps': 1e-10, 'weight_decay': 0, 'initial_accumulator_value': 0, 'foreach': None, 'maximize': False, 'differentiable': False}",22,11.041860818862915,0.160084779573977,0.9532833333333334,0.1613181798001781,0.9531
AdaGrad_Existing,"{'lr': 0.001, 'lr_decay': 0, 'eps': 1e-10, 'weight_decay': 0, 'initial_accumulator_value': 0, 'foreach': None, 'maximize': False, 'differentiable': False}",23,11.086371898651123,0.15732654492954412,0.9539,0.16326387826064692,0.9514
AdaGrad_Existing,"{'lr': 0.001, 'lr_decay': 0, 'eps': 1e-10, 'weight_decay': 0, 'initial_accumulator_value': 0, 'foreach': None, 'maximize': False, 'differentiable': False}",24,11.038299798965454,0.15559640622287987,0.95445,0.15796237645042946,0.9518
AdaGrad_Existing,"{'lr': 0.001, 'lr_decay': 0, 'eps': 1e-10, 'weight_decay': 0, 'initial_accumulator_value': 0, 'foreach': None, 'maximize': False, 'differentiable': False}",25,11.032832145690918,0.1527911460707585,0.9552666666666667,0.15733732432484054,0.9531
AdaGrad_Existing,"{'lr': 0.001, 'lr_decay': 0, 'eps': 1e-10, 'weight_decay': 0, 'initial_accumulator_value': 0, 'foreach': None, 'maximize': False, 'differentiable': False}",26,11.086798906326294,0.15105111221472423,0.9551166666666666,0.15439390296416994,0.9538
AdaGrad_Existing,"{'lr': 0.001, 'lr_decay': 0, 'eps': 1e-10, 'weight_decay': 0, 'initial_accumulator_value': 0, 'foreach': None, 'maximize': False, 'differentiable': False}",27,10.976253986358643,0.1497718920916319,0.9564,0.15621839177321656,0.954
AdaGrad_Existing,"{'lr': 0.001, 'lr_decay': 0, 'eps': 1e-10, 'weight_decay': 0, 'initial_accumulator_value': 0, 'foreach': None, 'maximize': False, 'differentiable': False}",28,11.090758562088013,0.14678291593740384,0.9572,0.15239752536400045,0.9533
AdaGrad_Existing,"{'lr': 0.001, 'lr_decay': 0, 'eps': 1e-10, 'weight_decay': 0, 'initial_accumulator_value': 0, 'foreach': None, 'maximize': False, 'differentiable': False}",29,11.067068099975586,0.14561065471371015,0.9581,0.15108452792303226,0.9558
AdaGrad_Existing,"{'lr': 0.001, 'lr_decay': 0, 'eps': 1e-10, 'weight_decay': 0, 'initial_accumulator_value': 0, 'foreach': None, 'maximize': False, 'differentiable': False}",30,11.027586221694946,0.14323118695070347,0.9578,0.14625053921083625,0.9578
AdaGrad_Existing,"{'lr': 0.001, 'lr_decay': 0, 'eps': 1e-10, 'weight_decay': 0, 'initial_accumulator_value': 0, 'foreach': None, 'maximize': False, 'differentiable': False}",31,10.93384075164795,0.13951207212209701,0.9589166666666666,0.15161771878240088,0.9527
AdaGrad_Existing,"{'lr': 0.001, 'lr_decay': 0, 'eps': 1e-10, 'weight_decay': 0, 'initial_accumulator_value': 0, 'foreach': None, 'maximize': False, 'differentiable': False}",32,11.043392181396484,0.1406580169071754,0.9587166666666667,0.14206890754413587,0.9559
AdaGrad_Existing,"{'lr': 0.001, 'lr_decay': 0, 'eps': 1e-10, 'weight_decay': 0, 'initial_accumulator_value': 0, 'foreach': None, 'maximize': False, 'differentiable': False}",33,11.03142237663269,0.13848556679462393,0.9600166666666666,0.14641224854877188,0.9584
AdaGrad_Existing,"{'lr': 0.001, 'lr_decay': 0, 'eps': 1e-10, 'weight_decay': 0, 'initial_accumulator_value': 0, 'foreach': None, 'maximize': False, 'differentiable': False}",34,10.900731801986694,0.13591072408606608,0.9606666666666667,0.1460350737572252,0.9558
AdaGrad_Existing,"{'lr': 0.001, 'lr_decay': 0, 'eps': 1e-10, 'weight_decay': 0, 'initial_accumulator_value': 0, 'foreach': None, 'maximize': False, 'differentiable': False}",35,10.933226346969604,0.13554282426113884,0.9604666666666667,0.14169246767805263,0.9561
AdaGrad_Existing,"{'lr': 0.001, 'lr_decay': 0, 'eps': 1e-10, 'weight_decay': 0, 'initial_accumulator_value': 0, 'foreach': None, 'maximize': False, 'differentiable': False}",36,11.052504539489746,0.13274857056985298,0.9613666666666667,0.14123160900851597,0.9569
AdaGrad_Existing,"{'lr': 0.001, 'lr_decay': 0, 'eps': 1e-10, 'weight_decay': 0, 'initial_accumulator_value': 0, 'foreach': None, 'maximize': False, 'differentiable': False}",37,10.985842227935791,0.1330940628354748,0.9608833333333333,0.13831103873846773,0.959
AdaGrad_Existing,"{'lr': 0.001, 'lr_decay': 0, 'eps': 1e-10, 'weight_decay': 0, 'initial_accumulator_value': 0, 'foreach': None, 'maximize': False, 'differentiable': False}",38,11.126404523849487,0.13004313261012238,0.96125,0.13818151807894533,0.9587
AdaGrad_Existing,"{'lr': 0.001, 'lr_decay': 0, 'eps': 1e-10, 'weight_decay': 0, 'initial_accumulator_value': 0, 'foreach': None, 'maximize': False, 'differentiable': False}",39,11.049365282058716,0.12876072207738956,0.9623666666666667,0.13587087308192036,0.9596
AdaGrad_Existing,"{'lr': 0.001, 'lr_decay': 0, 'eps': 1e-10, 'weight_decay': 0, 'initial_accumulator_value': 0, 'foreach': None, 'maximize': False, 'differentiable': False}",40,11.012271642684937,0.12973479095697402,0.9622,0.1423119901788805,0.9552
AdaGrad_Existing,"{'lr': 0.001, 'lr_decay': 0, 'eps': 1e-10, 'weight_decay': 0, 'initial_accumulator_value': 0, 'foreach': None, 'maximize': False, 'differentiable': False}",41,11.095982789993286,0.12743213030894598,0.9621333333333333,0.13931718694355588,0.9578
AdaGrad_Existing,"{'lr': 0.001, 'lr_decay': 0, 'eps': 1e-10, 'weight_decay': 0, 'initial_accumulator_value': 0, 'foreach': None, 'maximize': False, 'differentiable': False}",42,11.10660696029663,0.12557448436866203,0.9634833333333334,0.12987131097937188,0.96
AdaGrad_Existing,"{'lr': 0.001, 'lr_decay': 0, 'eps': 1e-10, 'weight_decay': 0, 'initial_accumulator_value': 0, 'foreach': None, 'maximize': False, 'differentiable': False}",43,11.138146162033081,0.12475978559901317,0.9638166666666667,0.13294446397499857,0.9591
AdaGrad_Existing,"{'lr': 0.001, 'lr_decay': 0, 'eps': 1e-10, 'weight_decay': 0, 'initial_accumulator_value': 0, 'foreach': None, 'maximize': False, 'differentiable': False}",44,10.976959466934204,0.12324403872638941,0.9642,0.13234750542026488,0.9611
AdaGrad_Existing,"{'lr': 0.001, 'lr_decay': 0, 'eps': 1e-10, 'weight_decay': 0, 'initial_accumulator_value': 0, 'foreach': None, 'maximize': False, 'differentiable': False}",45,10.993063688278198,0.12260605334192515,0.9641666666666666,0.13490675964627785,0.9597
AdaGrad_Existing,"{'lr': 0.001, 'lr_decay': 0, 'eps': 1e-10, 'weight_decay': 0, 'initial_accumulator_value': 0, 'foreach': None, 'maximize': False, 'differentiable': False}",46,11.000863313674927,0.11980076705416044,0.9654,0.1296483356343469,0.9621
AdaGrad_Existing,"{'lr': 0.001, 'lr_decay': 0, 'eps': 1e-10, 'weight_decay': 0, 'initial_accumulator_value': 0, 'foreach': None, 'maximize': False, 'differentiable': False}",47,11.06111454963684,0.11940638713538647,0.9653166666666667,0.12772312555008364,0.9611
AdaGrad_Existing,"{'lr': 0.001, 'lr_decay': 0, 'eps': 1e-10, 'weight_decay': 0, 'initial_accumulator_value': 0, 'foreach': None, 'maximize': False, 'differentiable': False}",48,10.993650913238525,0.11906779442578554,0.9652,0.13156101787046265,0.9597
AdaGrad_Existing,"{'lr': 0.001, 'lr_decay': 0, 'eps': 1e-10, 'weight_decay': 0, 'initial_accumulator_value': 0, 'foreach': None, 'maximize': False, 'differentiable': False}",49,11.108880519866943,0.11776982630665103,0.9655333333333334,0.1278830056512779,0.9612
AdaGrad_Existing,"{'lr': 0.001, 'lr_decay': 0, 'eps': 1e-10, 'weight_decay': 0, 'initial_accumulator_value': 0, 'foreach': None, 'maximize': False, 'differentiable': False}",50,11.079361200332642,0.11682993245298663,0.9654166666666667,0.1256945598762655,0.9627
AdaGrad_Existing,"{'lr': 0.001, 'lr_decay': 0, 'eps': 1e-10, 'weight_decay': 0, 'initial_accumulator_value': 0, 'foreach': None, 'maximize': False, 'differentiable': False}",51,11.02215027809143,0.11522367622504631,0.96595,0.12578963658165412,0.9616
AdaGrad_Existing,"{'lr': 0.001, 'lr_decay': 0, 'eps': 1e-10, 'weight_decay': 0, 'initial_accumulator_value': 0, 'foreach': None, 'maximize': False, 'differentiable': False}",52,11.168100595474243,0.11453737104013562,0.96665,0.1253326219341423,0.9619
AdaGrad_Existing,"{'lr': 0.001, 'lr_decay': 0, 'eps': 1e-10, 'weight_decay': 0, 'initial_accumulator_value': 0, 'foreach': None, 'maximize': False, 'differentiable': False}",53,10.94326663017273,0.11472446451087792,0.9666333333333333,0.1265001671142153,0.9624
AdaGrad_Existing,"{'lr': 0.001, 'lr_decay': 0, 'eps': 1e-10, 'weight_decay': 0, 'initial_accumulator_value': 0, 'foreach': None, 'maximize': False, 'differentiable': False}",54,10.999517440795898,0.11360123650406798,0.9663166666666667,0.12460466022729672,0.9626
AdaGrad_Existing,"{'lr': 0.001, 'lr_decay': 0, 'eps': 1e-10, 'weight_decay': 0, 'initial_accumulator_value': 0, 'foreach': None, 'maximize': False, 'differentiable': False}",55,11.055639743804932,0.1118799712255597,0.9677,0.12115285179864901,0.9635
AdaGrad_Existing,"{'lr': 0.001, 'lr_decay': 0, 'eps': 1e-10, 'weight_decay': 0, 'initial_accumulator_value': 0, 'foreach': None, 'maximize': False, 'differentiable': False}",56,11.00472354888916,0.11181023566350341,0.9666333333333333,0.12266129648577744,0.9631
AdaGrad_Existing,"{'lr': 0.001, 'lr_decay': 0, 'eps': 1e-10, 'weight_decay': 0, 'initial_accumulator_value': 0, 'foreach': None, 'maximize': False, 'differentiable': False}",57,10.990216493606567,0.11097874163563053,0.9672833333333334,0.12085684587972197,0.9621
AdaGrad_Existing,"{'lr': 0.001, 'lr_decay': 0, 'eps': 1e-10, 'weight_decay': 0, 'initial_accumulator_value': 0, 'foreach': None, 'maximize': False, 'differentiable': False}",58,11.092260837554932,0.1100112689105173,0.9677,0.11992551615765205,0.9641
AdaGrad_Existing,"{'lr': 0.001, 'lr_decay': 0, 'eps': 1e-10, 'weight_decay': 0, 'initial_accumulator_value': 0, 'foreach': None, 'maximize': False, 'differentiable': False}",59,11.013318061828613,0.1078687480871876,0.96845,0.11852554075446682,0.9637
AdaGrad_Existing,"{'lr': 0.001, 'lr_decay': 0, 'eps': 1e-10, 'weight_decay': 0, 'initial_accumulator_value': 0, 'foreach': None, 'maximize': False, 'differentiable': False}",60,11.039906978607178,0.10732725677490235,0.9685333333333334,0.11786726842702816,0.9631
AdaGrad_Existing,"{'lr': 0.001, 'lr_decay': 0, 'eps': 1e-10, 'weight_decay': 0, 'initial_accumulator_value': 0, 'foreach': None, 'maximize': False, 'differentiable': False}",61,11.154698848724365,0.10719870005771517,0.9677666666666667,0.11910834140999736,0.9647
AdaGrad_Existing,"{'lr': 0.001, 'lr_decay': 0, 'eps': 1e-10, 'weight_decay': 0, 'initial_accumulator_value': 0, 'foreach': None, 'maximize': False, 'differentiable': False}",62,10.901060104370117,0.10618318964814147,0.9682166666666666,0.11957966479972695,0.963
AdaGrad_Existing,"{'lr': 0.001, 'lr_decay': 0, 'eps': 1e-10, 'weight_decay': 0, 'initial_accumulator_value': 0, 'foreach': None, 'maximize': False, 'differentiable': False}",63,11.148701429367065,0.10525589641655485,0.9688666666666667,0.11675126110084545,0.9627
AdaGrad_Existing,"{'lr': 0.001, 'lr_decay': 0, 'eps': 1e-10, 'weight_decay': 0, 'initial_accumulator_value': 0, 'foreach': None, 'maximize': False, 'differentiable': False}",64,11.051052808761597,0.1052707212674121,0.9690666666666666,0.11608234952023913,0.9648
AdaGrad_Existing,"{'lr': 0.001, 'lr_decay': 0, 'eps': 1e-10, 'weight_decay': 0, 'initial_accumulator_value': 0, 'foreach': None, 'maximize': False, 'differentiable': False}",65,10.936444520950317,0.10333094467048844,0.9692166666666666,0.11254890489272219,0.9647
AdaGrad_Existing,"{'lr': 0.001, 'lr_decay': 0, 'eps': 1e-10, 'weight_decay': 0, 'initial_accumulator_value': 0, 'foreach': None, 'maximize': False, 'differentiable': False}",66,11.012681245803833,0.10345850483551622,0.9698833333333333,0.11807159403024373,0.9651
AdaGrad_Existing,"{'lr': 0.001, 'lr_decay': 0, 'eps': 1e-10, 'weight_decay': 0, 'initial_accumulator_value': 0, 'foreach': None, 'maximize': False, 'differentiable': False}",67,11.082850694656372,0.10279913480306666,0.9701833333333333,0.11670410686422485,0.9643
AdaGrad_Existing,"{'lr': 0.001, 'lr_decay': 0, 'eps': 1e-10, 'weight_decay': 0, 'initial_accumulator_value': 0, 'foreach': None, 'maximize': False, 'differentiable': False}",68,10.918907642364502,0.1023210920535028,0.9702166666666666,0.1161640076005397,0.9635
AdaGrad_Existing,"{'lr': 0.001, 'lr_decay': 0, 'eps': 1e-10, 'weight_decay': 0, 'initial_accumulator_value': 0, 'foreach': None, 'maximize': False, 'differentiable': False}",69,11.022297382354736,0.10105554879084229,0.9702,0.11459153364825334,0.9653
AdaGrad_Existing,"{'lr': 0.001, 'lr_decay': 0, 'eps': 1e-10, 'weight_decay': 0, 'initial_accumulator_value': 0, 'foreach': None, 'maximize': False, 'differentiable': False}",70,11.138837814331055,0.10051280536179741,0.9707166666666667,0.11466615679993714,0.9648
AdaGrad_Existing,"{'lr': 0.001, 'lr_decay': 0, 'eps': 1e-10, 'weight_decay': 0, 'initial_accumulator_value': 0, 'foreach': None, 'maximize': False, 'differentiable': False}",71,10.921982526779175,0.09982157927999893,0.9706333333333333,0.11760319293790554,0.9637
AdaGrad_Existing,"{'lr': 0.001, 'lr_decay': 0, 'eps': 1e-10, 'weight_decay': 0, 'initial_accumulator_value': 0, 'foreach': None, 'maximize': False, 'differentiable': False}",72,11.19991660118103,0.09908113053863248,0.9706333333333333,0.11701528335208841,0.9651
AdaGrad_Existing,"{'lr': 0.001, 'lr_decay': 0, 'eps': 1e-10, 'weight_decay': 0, 'initial_accumulator_value': 0, 'foreach': None, 'maximize': False, 'differentiable': False}",73,10.953616380691528,0.0985846678947409,0.9712,0.11462349104159437,0.9658
AdaGrad_Existing,"{'lr': 0.001, 'lr_decay': 0, 'eps': 1e-10, 'weight_decay': 0, 'initial_accumulator_value': 0, 'foreach': None, 'maximize': False, 'differentiable': False}",74,11.025712728500366,0.09733715144197146,0.972,0.1134299138730493,0.9648
AdaGrad_Existing,"{'lr': 0.001, 'lr_decay': 0, 'eps': 1e-10, 'weight_decay': 0, 'initial_accumulator_value': 0, 'foreach': None, 'maximize': False, 'differentiable': False}",75,11.152124404907227,0.09691185575102766,0.9718833333333333,0.11443058250526995,0.9657
AdaGrad_Existing,"{'lr': 0.001, 'lr_decay': 0, 'eps': 1e-10, 'weight_decay': 0, 'initial_accumulator_value': 0, 'foreach': None, 'maximize': False, 'differentiable': False}",76,10.932021856307983,0.09620538279414177,0.9715166666666667,0.11539250483049061,0.9654
AdaGrad_Existing,"{'lr': 0.001, 'lr_decay': 0, 'eps': 1e-10, 'weight_decay': 0, 'initial_accumulator_value': 0, 'foreach': None, 'maximize': False, 'differentiable': False}",77,11.117247343063354,0.09519354026392102,0.9724666666666667,0.11461037084476623,0.9656
AdaGrad_Existing,"{'lr': 0.001, 'lr_decay': 0, 'eps': 1e-10, 'weight_decay': 0, 'initial_accumulator_value': 0, 'foreach': None, 'maximize': False, 'differentiable': False}",78,11.075064659118652,0.09537807219450672,0.9721333333333333,0.11445792087524112,0.9636
AdaGrad_Existing,"{'lr': 0.001, 'lr_decay': 0, 'eps': 1e-10, 'weight_decay': 0, 'initial_accumulator_value': 0, 'foreach': None, 'maximize': False, 'differentiable': False}",79,10.930045366287231,0.0952751093544066,0.9725666666666667,0.11132739107429493,0.9649
AdaGrad_Existing,"{'lr': 0.001, 'lr_decay': 0, 'eps': 1e-10, 'weight_decay': 0, 'initial_accumulator_value': 0, 'foreach': None, 'maximize': False, 'differentiable': False}",80,11.071439266204834,0.09470668078487118,0.9716833333333333,0.1095662076359454,0.9663
AdaGrad_Existing,"{'lr': 0.001, 'lr_decay': 0, 'eps': 1e-10, 'weight_decay': 0, 'initial_accumulator_value': 0, 'foreach': None, 'maximize': False, 'differentiable': False}",81,11.069238424301147,0.09288474479118983,0.9724666666666667,0.10926661587665423,0.9654
AdaGrad_Existing,"{'lr': 0.001, 'lr_decay': 0, 'eps': 1e-10, 'weight_decay': 0, 'initial_accumulator_value': 0, 'foreach': None, 'maximize': False, 'differentiable': False}",82,11.030898332595825,0.09312440736691158,0.9719166666666667,0.10683406185776817,0.9665
AdaGrad_Existing,"{'lr': 0.001, 'lr_decay': 0, 'eps': 1e-10, 'weight_decay': 0, 'initial_accumulator_value': 0, 'foreach': None, 'maximize': False, 'differentiable': False}",83,11.099358081817627,0.09265085242167115,0.9731833333333333,0.10819878173451246,0.9667
AdaGrad_Existing,"{'lr': 0.001, 'lr_decay': 0, 'eps': 1e-10, 'weight_decay': 0, 'initial_accumulator_value': 0, 'foreach': None, 'maximize': False, 'differentiable': False}",84,10.97740364074707,0.09147294289072355,0.97325,0.10893046176793744,0.9663
AdaGrad_Existing,"{'lr': 0.001, 'lr_decay': 0, 'eps': 1e-10, 'weight_decay': 0, 'initial_accumulator_value': 0, 'foreach': None, 'maximize': False, 'differentiable': False}",85,11.032663822174072,0.09249846897522608,0.97255,0.10759662357292855,0.9657
AdaGrad_Existing,"{'lr': 0.001, 'lr_decay': 0, 'eps': 1e-10, 'weight_decay': 0, 'initial_accumulator_value': 0, 'foreach': None, 'maximize': False, 'differentiable': False}",86,11.228295803070068,0.09160275164122383,0.97305,0.11061564592544894,0.9661
AdaGrad_Existing,"{'lr': 0.001, 'lr_decay': 0, 'eps': 1e-10, 'weight_decay': 0, 'initial_accumulator_value': 0, 'foreach': None, 'maximize': False, 'differentiable': False}",87,10.973309755325317,0.09138640383233626,0.9728833333333333,0.10903178486666573,0.9679
AdaGrad_Existing,"{'lr': 0.001, 'lr_decay': 0, 'eps': 1e-10, 'weight_decay': 0, 'initial_accumulator_value': 0, 'foreach': None, 'maximize': False, 'differentiable': False}",88,10.964778900146484,0.09100964678625266,0.9735,0.10800261460594274,0.9674
AdaGrad_Existing,"{'lr': 0.001, 'lr_decay': 0, 'eps': 1e-10, 'weight_decay': 0, 'initial_accumulator_value': 0, 'foreach': None, 'maximize': False, 'differentiable': False}",89,11.083322763442993,0.09042684899407129,0.9733166666666667,0.1054878906693128,0.9673
AdaGrad_Existing,"{'lr': 0.001, 'lr_decay': 0, 'eps': 1e-10, 'weight_decay': 0, 'initial_accumulator_value': 0, 'foreach': None, 'maximize': False, 'differentiable': False}",90,10.864777326583862,0.089411415737619,0.9730833333333333,0.10391409635527458,0.966
AdaGrad_Existing,"{'lr': 0.001, 'lr_decay': 0, 'eps': 1e-10, 'weight_decay': 0, 'initial_accumulator_value': 0, 'foreach': None, 'maximize': False, 'differentiable': False}",91,10.962036848068237,0.08869631323963403,0.9741833333333333,0.10514379098037697,0.9672
AdaGrad_Existing,"{'lr': 0.001, 'lr_decay': 0, 'eps': 1e-10, 'weight_decay': 0, 'initial_accumulator_value': 0, 'foreach': None, 'maximize': False, 'differentiable': False}",92,11.133257389068604,0.08842972186133266,0.97375,0.10703450287528597,0.9683
AdaGrad_Existing,"{'lr': 0.001, 'lr_decay': 0, 'eps': 1e-10, 'weight_decay': 0, 'initial_accumulator_value': 0, 'foreach': None, 'maximize': False, 'differentiable': False}",93,11.018708229064941,0.08748813075174888,0.9740666666666666,0.10494416400257606,0.9686
AdaGrad_Existing,"{'lr': 0.001, 'lr_decay': 0, 'eps': 1e-10, 'weight_decay': 0, 'initial_accumulator_value': 0, 'foreach': None, 'maximize': False, 'differentiable': False}",94,11.26912546157837,0.0866209955914567,0.9745166666666667,0.10721622400629979,0.9663
AdaGrad_Existing,"{'lr': 0.001, 'lr_decay': 0, 'eps': 1e-10, 'weight_decay': 0, 'initial_accumulator_value': 0, 'foreach': None, 'maximize': False, 'differentiable': False}",95,11.17939281463623,0.0880851902594169,0.97415,0.10560552738313102,0.9674
AdaGrad_Existing,"{'lr': 0.001, 'lr_decay': 0, 'eps': 1e-10, 'weight_decay': 0, 'initial_accumulator_value': 0, 'foreach': None, 'maximize': False, 'differentiable': False}",96,11.082698822021484,0.08612522640724977,0.9747833333333333,0.10566168116478505,0.9681
AdaGrad_Existing,"{'lr': 0.001, 'lr_decay': 0, 'eps': 1e-10, 'weight_decay': 0, 'initial_accumulator_value': 0, 'foreach': None, 'maximize': False, 'differentiable': False}",97,11.120769262313843,0.0869335575684905,0.9742166666666666,0.1067229589436593,0.9663
AdaGrad_Existing,"{'lr': 0.001, 'lr_decay': 0, 'eps': 1e-10, 'weight_decay': 0, 'initial_accumulator_value': 0, 'foreach': None, 'maximize': False, 'differentiable': False}",98,10.978655338287354,0.08504599828571081,0.97475,0.10351592660345994,0.9694
AdaGrad_Existing,"{'lr': 0.001, 'lr_decay': 0, 'eps': 1e-10, 'weight_decay': 0, 'initial_accumulator_value': 0, 'foreach': None, 'maximize': False, 'differentiable': False}",99,11.107035875320435,0.08534282530235747,0.9751333333333333,0.1021353807516051,0.9669
AdaGrad_Existing,"{'lr': 0.001, 'lr_decay': 0, 'eps': 1e-10, 'weight_decay': 0, 'initial_accumulator_value': 0, 'foreach': None, 'maximize': False, 'differentiable': False}",100,11.191697597503662,0.08475829479545355,0.97485,0.10448558272079032,0.9692
