optimizer,optimizer_parameters,epoch,time,train_loss,train_accuracy,test_loss,test_accuracy
RMSProp_Existing,"{'lr': 0.001, 'momentum': 0, 'alpha': 0.99, 'eps': 1e-08, 'centered': False, 'weight_decay': 0, 'foreach': None, 'maximize': False, 'differentiable': False}",1,10.56812047958374,0.2701493541285396,0.91825,0.18529186816160798,0.9457
RMSProp_Existing,"{'lr': 0.001, 'momentum': 0, 'alpha': 0.99, 'eps': 1e-08, 'centered': False, 'weight_decay': 0, 'foreach': None, 'maximize': False, 'differentiable': False}",2,10.587915182113647,0.16151070125171293,0.9536333333333333,0.1457086570833188,0.9567
RMSProp_Existing,"{'lr': 0.001, 'momentum': 0, 'alpha': 0.99, 'eps': 1e-08, 'centered': False, 'weight_decay': 0, 'foreach': None, 'maximize': False, 'differentiable': False}",3,10.55398964881897,0.13752644573602205,0.9612166666666667,0.15729195629036855,0.9616
RMSProp_Existing,"{'lr': 0.001, 'momentum': 0, 'alpha': 0.99, 'eps': 1e-08, 'centered': False, 'weight_decay': 0, 'foreach': None, 'maximize': False, 'differentiable': False}",4,10.4654061794281,0.1286725370986232,0.9652833333333334,0.14336801807909336,0.9646
RMSProp_Existing,"{'lr': 0.001, 'momentum': 0, 'alpha': 0.99, 'eps': 1e-08, 'centered': False, 'weight_decay': 0, 'foreach': None, 'maximize': False, 'differentiable': False}",5,10.421573400497437,0.12035850556879304,0.9672833333333334,0.1555368929167422,0.9647
RMSProp_Existing,"{'lr': 0.001, 'momentum': 0, 'alpha': 0.99, 'eps': 1e-08, 'centered': False, 'weight_decay': 0, 'foreach': None, 'maximize': False, 'differentiable': False}",6,10.562142372131348,0.11178197630094752,0.9710833333333333,0.15970743771357174,0.9621
RMSProp_Existing,"{'lr': 0.001, 'momentum': 0, 'alpha': 0.99, 'eps': 1e-08, 'centered': False, 'weight_decay': 0, 'foreach': None, 'maximize': False, 'differentiable': False}",7,10.47304081916809,0.10910553703663366,0.9715833333333334,0.16088941985308977,0.9637
RMSProp_Existing,"{'lr': 0.001, 'momentum': 0, 'alpha': 0.99, 'eps': 1e-08, 'centered': False, 'weight_decay': 0, 'foreach': None, 'maximize': False, 'differentiable': False}",8,10.465869188308716,0.10812218549767859,0.9731666666666666,0.15499030086498744,0.9668
RMSProp_Existing,"{'lr': 0.001, 'momentum': 0, 'alpha': 0.99, 'eps': 1e-08, 'centered': False, 'weight_decay': 0, 'foreach': None, 'maximize': False, 'differentiable': False}",9,10.556639194488525,0.10460109325633869,0.9734333333333334,0.16380210035461273,0.9614
RMSProp_Existing,"{'lr': 0.001, 'momentum': 0, 'alpha': 0.99, 'eps': 1e-08, 'centered': False, 'weight_decay': 0, 'foreach': None, 'maximize': False, 'differentiable': False}",10,10.528997898101807,0.10002413997689534,0.9758333333333333,0.18867030351545652,0.9655
RMSProp_Existing,"{'lr': 0.001, 'momentum': 0, 'alpha': 0.99, 'eps': 1e-08, 'centered': False, 'weight_decay': 0, 'foreach': None, 'maximize': False, 'differentiable': False}",11,10.549697399139404,0.10255413035523088,0.9747166666666667,0.15711050638336124,0.9697
RMSProp_Existing,"{'lr': 0.001, 'momentum': 0, 'alpha': 0.99, 'eps': 1e-08, 'centered': False, 'weight_decay': 0, 'foreach': None, 'maximize': False, 'differentiable': False}",12,10.59241271018982,0.09799552591746852,0.97595,0.2003426611772724,0.9668
RMSProp_Existing,"{'lr': 0.001, 'momentum': 0, 'alpha': 0.99, 'eps': 1e-08, 'centered': False, 'weight_decay': 0, 'foreach': None, 'maximize': False, 'differentiable': False}",13,10.480132818222046,0.09832694637598322,0.9761166666666666,0.1891252712728793,0.9666
RMSProp_Existing,"{'lr': 0.001, 'momentum': 0, 'alpha': 0.99, 'eps': 1e-08, 'centered': False, 'weight_decay': 0, 'foreach': None, 'maximize': False, 'differentiable': False}",14,10.479939460754395,0.09740999706902342,0.9772333333333333,0.21237845251853585,0.9645
RMSProp_Existing,"{'lr': 0.001, 'momentum': 0, 'alpha': 0.99, 'eps': 1e-08, 'centered': False, 'weight_decay': 0, 'foreach': None, 'maximize': False, 'differentiable': False}",15,10.483602285385132,0.09824568631077406,0.97785,0.21512040132996552,0.9647
RMSProp_Existing,"{'lr': 0.001, 'momentum': 0, 'alpha': 0.99, 'eps': 1e-08, 'centered': False, 'weight_decay': 0, 'foreach': None, 'maximize': False, 'differentiable': False}",16,10.46476435661316,0.09580467629670851,0.9784666666666667,0.17871126625046396,0.9696
RMSProp_Existing,"{'lr': 0.001, 'momentum': 0, 'alpha': 0.99, 'eps': 1e-08, 'centered': False, 'weight_decay': 0, 'foreach': None, 'maximize': False, 'differentiable': False}",17,10.449594974517822,0.09649534937267587,0.9786666666666667,0.19006865156882613,0.972
RMSProp_Existing,"{'lr': 0.001, 'momentum': 0, 'alpha': 0.99, 'eps': 1e-08, 'centered': False, 'weight_decay': 0, 'foreach': None, 'maximize': False, 'differentiable': False}",18,10.545462608337402,0.09664305301609499,0.9790333333333333,0.22873106005158533,0.969
RMSProp_Existing,"{'lr': 0.001, 'momentum': 0, 'alpha': 0.99, 'eps': 1e-08, 'centered': False, 'weight_decay': 0, 'foreach': None, 'maximize': False, 'differentiable': False}",19,10.57778024673462,0.09825160682967804,0.97945,0.2447928814567325,0.9667
RMSProp_Existing,"{'lr': 0.001, 'momentum': 0, 'alpha': 0.99, 'eps': 1e-08, 'centered': False, 'weight_decay': 0, 'foreach': None, 'maximize': False, 'differentiable': False}",20,10.393399238586426,0.1014983995575201,0.9791666666666666,0.2236260556064079,0.9704
RMSProp_Existing,"{'lr': 0.001, 'momentum': 0, 'alpha': 0.99, 'eps': 1e-08, 'centered': False, 'weight_decay': 0, 'foreach': None, 'maximize': False, 'differentiable': False}",21,10.50847601890564,0.09561583680695458,0.9801333333333333,0.2572349401022712,0.9635
RMSProp_Existing,"{'lr': 0.001, 'momentum': 0, 'alpha': 0.99, 'eps': 1e-08, 'centered': False, 'weight_decay': 0, 'foreach': None, 'maximize': False, 'differentiable': False}",22,10.466609716415405,0.09669004127401466,0.97955,0.28232999320482965,0.9655
RMSProp_Existing,"{'lr': 0.001, 'momentum': 0, 'alpha': 0.99, 'eps': 1e-08, 'centered': False, 'weight_decay': 0, 'foreach': None, 'maximize': False, 'differentiable': False}",23,10.44214677810669,0.09777572899574333,0.9797666666666667,0.3018073719630222,0.9681
RMSProp_Existing,"{'lr': 0.001, 'momentum': 0, 'alpha': 0.99, 'eps': 1e-08, 'centered': False, 'weight_decay': 0, 'foreach': None, 'maximize': False, 'differentiable': False}",24,10.568934917449951,0.09298978856971082,0.9810333333333333,0.2812233197274351,0.9678
RMSProp_Existing,"{'lr': 0.001, 'momentum': 0, 'alpha': 0.99, 'eps': 1e-08, 'centered': False, 'weight_decay': 0, 'foreach': None, 'maximize': False, 'differentiable': False}",25,10.598849534988403,0.09201856314732836,0.98175,0.2733093287234747,0.9693
RMSProp_Existing,"{'lr': 0.001, 'momentum': 0, 'alpha': 0.99, 'eps': 1e-08, 'centered': False, 'weight_decay': 0, 'foreach': None, 'maximize': False, 'differentiable': False}",26,10.502689361572266,0.09652700053164556,0.9813666666666667,0.29292863595823726,0.9661
RMSProp_Existing,"{'lr': 0.001, 'momentum': 0, 'alpha': 0.99, 'eps': 1e-08, 'centered': False, 'weight_decay': 0, 'foreach': None, 'maximize': False, 'differentiable': False}",27,10.508620738983154,0.09854119226881917,0.9804166666666667,0.316339150909437,0.968
RMSProp_Existing,"{'lr': 0.001, 'momentum': 0, 'alpha': 0.99, 'eps': 1e-08, 'centered': False, 'weight_decay': 0, 'foreach': None, 'maximize': False, 'differentiable': False}",28,10.473347663879395,0.09033543553901509,0.9825,0.29651123265829316,0.9687
RMSProp_Existing,"{'lr': 0.001, 'momentum': 0, 'alpha': 0.99, 'eps': 1e-08, 'centered': False, 'weight_decay': 0, 'foreach': None, 'maximize': False, 'differentiable': False}",29,10.47055459022522,0.09623105902747958,0.9818166666666667,0.24464414855315764,0.9689
RMSProp_Existing,"{'lr': 0.001, 'momentum': 0, 'alpha': 0.99, 'eps': 1e-08, 'centered': False, 'weight_decay': 0, 'foreach': None, 'maximize': False, 'differentiable': False}",30,10.521981239318848,0.09806388513622115,0.9815833333333334,0.3310905014002706,0.9687
RMSProp_Existing,"{'lr': 0.001, 'momentum': 0, 'alpha': 0.99, 'eps': 1e-08, 'centered': False, 'weight_decay': 0, 'foreach': None, 'maximize': False, 'differentiable': False}",31,10.471413850784302,0.09196677546670148,0.9825666666666667,0.3340173433390791,0.9662
RMSProp_Existing,"{'lr': 0.001, 'momentum': 0, 'alpha': 0.99, 'eps': 1e-08, 'centered': False, 'weight_decay': 0, 'foreach': None, 'maximize': False, 'differentiable': False}",32,10.476282596588135,0.09277790082986309,0.9828833333333333,0.3251510072539962,0.9693
RMSProp_Existing,"{'lr': 0.001, 'momentum': 0, 'alpha': 0.99, 'eps': 1e-08, 'centered': False, 'weight_decay': 0, 'foreach': None, 'maximize': False, 'differentiable': False}",33,10.498581409454346,0.09639087437776789,0.9824,0.2815605242652015,0.967
RMSProp_Existing,"{'lr': 0.001, 'momentum': 0, 'alpha': 0.99, 'eps': 1e-08, 'centered': False, 'weight_decay': 0, 'foreach': None, 'maximize': False, 'differentiable': False}",34,10.470020771026611,0.09486505436378025,0.9816166666666667,0.33376208115772743,0.969
RMSProp_Existing,"{'lr': 0.001, 'momentum': 0, 'alpha': 0.99, 'eps': 1e-08, 'centered': False, 'weight_decay': 0, 'foreach': None, 'maximize': False, 'differentiable': False}",35,10.57011866569519,0.08948537247536778,0.9827333333333333,0.3568152920857802,0.9672
RMSProp_Existing,"{'lr': 0.001, 'momentum': 0, 'alpha': 0.99, 'eps': 1e-08, 'centered': False, 'weight_decay': 0, 'foreach': None, 'maximize': False, 'differentiable': False}",36,10.530972242355347,0.0992118627471669,0.9824166666666667,0.344783854865861,0.9697
RMSProp_Existing,"{'lr': 0.001, 'momentum': 0, 'alpha': 0.99, 'eps': 1e-08, 'centered': False, 'weight_decay': 0, 'foreach': None, 'maximize': False, 'differentiable': False}",37,10.47097897529602,0.0944068726852331,0.9824666666666667,0.32006617623162703,0.9704
RMSProp_Existing,"{'lr': 0.001, 'momentum': 0, 'alpha': 0.99, 'eps': 1e-08, 'centered': False, 'weight_decay': 0, 'foreach': None, 'maximize': False, 'differentiable': False}",38,10.483940601348877,0.09254914271023178,0.9828666666666667,0.3790026205529784,0.9709
RMSProp_Existing,"{'lr': 0.001, 'momentum': 0, 'alpha': 0.99, 'eps': 1e-08, 'centered': False, 'weight_decay': 0, 'foreach': None, 'maximize': False, 'differentiable': False}",39,10.576766014099121,0.09414041466103151,0.9838166666666667,0.36845148527212096,0.9681
RMSProp_Existing,"{'lr': 0.001, 'momentum': 0, 'alpha': 0.99, 'eps': 1e-08, 'centered': False, 'weight_decay': 0, 'foreach': None, 'maximize': False, 'differentiable': False}",40,10.510655164718628,0.09449191083849376,0.9832166666666666,0.34627305323754526,0.97
RMSProp_Existing,"{'lr': 0.001, 'momentum': 0, 'alpha': 0.99, 'eps': 1e-08, 'centered': False, 'weight_decay': 0, 'foreach': None, 'maximize': False, 'differentiable': False}",41,10.546396255493164,0.09952721613933199,0.9831333333333333,0.3615852053262701,0.9699
RMSProp_Existing,"{'lr': 0.001, 'momentum': 0, 'alpha': 0.99, 'eps': 1e-08, 'centered': False, 'weight_decay': 0, 'foreach': None, 'maximize': False, 'differentiable': False}",42,10.590185642242432,0.09510340341745623,0.9833833333333334,0.360540969367829,0.972
RMSProp_Existing,"{'lr': 0.001, 'momentum': 0, 'alpha': 0.99, 'eps': 1e-08, 'centered': False, 'weight_decay': 0, 'foreach': None, 'maximize': False, 'differentiable': False}",43,10.422501564025879,0.09763356783139392,0.9833,0.3436737987637335,0.9696
RMSProp_Existing,"{'lr': 0.001, 'momentum': 0, 'alpha': 0.99, 'eps': 1e-08, 'centered': False, 'weight_decay': 0, 'foreach': None, 'maximize': False, 'differentiable': False}",44,10.447864532470703,0.09678257772963827,0.9832666666666666,0.4023909592655247,0.9697
RMSProp_Existing,"{'lr': 0.001, 'momentum': 0, 'alpha': 0.99, 'eps': 1e-08, 'centered': False, 'weight_decay': 0, 'foreach': None, 'maximize': False, 'differentiable': False}",45,10.476102352142334,0.09539607365142588,0.9835,0.428321249496511,0.9684
RMSProp_Existing,"{'lr': 0.001, 'momentum': 0, 'alpha': 0.99, 'eps': 1e-08, 'centered': False, 'weight_decay': 0, 'foreach': None, 'maximize': False, 'differentiable': False}",46,10.480982303619385,0.09681920231251463,0.9840333333333333,0.3419864668999345,0.9704
RMSProp_Existing,"{'lr': 0.001, 'momentum': 0, 'alpha': 0.99, 'eps': 1e-08, 'centered': False, 'weight_decay': 0, 'foreach': None, 'maximize': False, 'differentiable': False}",47,10.543550491333008,0.09809602340386224,0.9843333333333333,0.4322943770492577,0.9652
RMSProp_Existing,"{'lr': 0.001, 'momentum': 0, 'alpha': 0.99, 'eps': 1e-08, 'centered': False, 'weight_decay': 0, 'foreach': None, 'maximize': False, 'differentiable': False}",48,10.519065141677856,0.09024618326271766,0.9845333333333334,0.47827804362329807,0.9683
RMSProp_Existing,"{'lr': 0.001, 'momentum': 0, 'alpha': 0.99, 'eps': 1e-08, 'centered': False, 'weight_decay': 0, 'foreach': None, 'maximize': False, 'differentiable': False}",49,10.478308200836182,0.0988519552300239,0.9840666666666666,0.3502831811852928,0.9719
RMSProp_Existing,"{'lr': 0.001, 'momentum': 0, 'alpha': 0.99, 'eps': 1e-08, 'centered': False, 'weight_decay': 0, 'foreach': None, 'maximize': False, 'differentiable': False}",50,10.538655519485474,0.09699559857923136,0.98425,0.3799764954721662,0.9724
RMSProp_Existing,"{'lr': 0.001, 'momentum': 0, 'alpha': 0.99, 'eps': 1e-08, 'centered': False, 'weight_decay': 0, 'foreach': None, 'maximize': False, 'differentiable': False}",51,10.48641848564148,0.0885071366411618,0.9844666666666667,0.4152371696695362,0.9669
RMSProp_Existing,"{'lr': 0.001, 'momentum': 0, 'alpha': 0.99, 'eps': 1e-08, 'centered': False, 'weight_decay': 0, 'foreach': None, 'maximize': False, 'differentiable': False}",52,10.451673984527588,0.09312343825771807,0.9841,0.4281043738251634,0.9707
RMSProp_Existing,"{'lr': 0.001, 'momentum': 0, 'alpha': 0.99, 'eps': 1e-08, 'centered': False, 'weight_decay': 0, 'foreach': None, 'maximize': False, 'differentiable': False}",53,10.699066162109375,0.09608195053039535,0.9848833333333333,0.4299507609696269,0.9722
RMSProp_Existing,"{'lr': 0.001, 'momentum': 0, 'alpha': 0.99, 'eps': 1e-08, 'centered': False, 'weight_decay': 0, 'foreach': None, 'maximize': False, 'differentiable': False}",54,10.569310665130615,0.09614939799827803,0.9838666666666667,0.4716828041748482,0.9684
RMSProp_Existing,"{'lr': 0.001, 'momentum': 0, 'alpha': 0.99, 'eps': 1e-08, 'centered': False, 'weight_decay': 0, 'foreach': None, 'maximize': False, 'differentiable': False}",55,10.467450618743896,0.09620527312443229,0.9851833333333333,0.3968076106755792,0.9706
RMSProp_Existing,"{'lr': 0.001, 'momentum': 0, 'alpha': 0.99, 'eps': 1e-08, 'centered': False, 'weight_decay': 0, 'foreach': None, 'maximize': False, 'differentiable': False}",56,10.621694087982178,0.09314094899554032,0.9852666666666666,0.5103050387972273,0.9715
RMSProp_Existing,"{'lr': 0.001, 'momentum': 0, 'alpha': 0.99, 'eps': 1e-08, 'centered': False, 'weight_decay': 0, 'foreach': None, 'maximize': False, 'differentiable': False}",57,10.543205976486206,0.10473513836408123,0.98485,0.3940761043951251,0.9694
RMSProp_Existing,"{'lr': 0.001, 'momentum': 0, 'alpha': 0.99, 'eps': 1e-08, 'centered': False, 'weight_decay': 0, 'foreach': None, 'maximize': False, 'differentiable': False}",58,10.523425817489624,0.0948042634936493,0.9854166666666667,0.46323030980576246,0.9683
RMSProp_Existing,"{'lr': 0.001, 'momentum': 0, 'alpha': 0.99, 'eps': 1e-08, 'centered': False, 'weight_decay': 0, 'foreach': None, 'maximize': False, 'differentiable': False}",59,10.71549654006958,0.09932145699947854,0.9855,0.4428991469942101,0.9709
RMSProp_Existing,"{'lr': 0.001, 'momentum': 0, 'alpha': 0.99, 'eps': 1e-08, 'centered': False, 'weight_decay': 0, 'foreach': None, 'maximize': False, 'differentiable': False}",60,10.478394746780396,0.08848751171170852,0.9857666666666667,0.47556821474613525,0.9693
RMSProp_Existing,"{'lr': 0.001, 'momentum': 0, 'alpha': 0.99, 'eps': 1e-08, 'centered': False, 'weight_decay': 0, 'foreach': None, 'maximize': False, 'differentiable': False}",61,10.535422801971436,0.09154349976261128,0.9856,0.49748546906622537,0.9697
RMSProp_Existing,"{'lr': 0.001, 'momentum': 0, 'alpha': 0.99, 'eps': 1e-08, 'centered': False, 'weight_decay': 0, 'foreach': None, 'maximize': False, 'differentiable': False}",62,10.553603410720825,0.08578494907128525,0.9869166666666667,0.5155426597125727,0.9711
RMSProp_Existing,"{'lr': 0.001, 'momentum': 0, 'alpha': 0.99, 'eps': 1e-08, 'centered': False, 'weight_decay': 0, 'foreach': None, 'maximize': False, 'differentiable': False}",63,10.482678413391113,0.09452401846250531,0.9857166666666667,0.4356725345368464,0.9715
RMSProp_Existing,"{'lr': 0.001, 'momentum': 0, 'alpha': 0.99, 'eps': 1e-08, 'centered': False, 'weight_decay': 0, 'foreach': None, 'maximize': False, 'differentiable': False}",64,10.558108568191528,0.09864011980776623,0.9858833333333333,0.5562078609561225,0.9688
RMSProp_Existing,"{'lr': 0.001, 'momentum': 0, 'alpha': 0.99, 'eps': 1e-08, 'centered': False, 'weight_decay': 0, 'foreach': None, 'maximize': False, 'differentiable': False}",65,10.650727987289429,0.08685338726688445,0.9853666666666666,0.5146957129066613,0.9725
RMSProp_Existing,"{'lr': 0.001, 'momentum': 0, 'alpha': 0.99, 'eps': 1e-08, 'centered': False, 'weight_decay': 0, 'foreach': None, 'maximize': False, 'differentiable': False}",66,10.461801290512085,0.09227240409528359,0.9853666666666666,0.4969679814581959,0.9711
RMSProp_Existing,"{'lr': 0.001, 'momentum': 0, 'alpha': 0.99, 'eps': 1e-08, 'centered': False, 'weight_decay': 0, 'foreach': None, 'maximize': False, 'differentiable': False}",67,10.521380424499512,0.09572193078630883,0.98515,0.5394532858469946,0.9709
RMSProp_Existing,"{'lr': 0.001, 'momentum': 0, 'alpha': 0.99, 'eps': 1e-08, 'centered': False, 'weight_decay': 0, 'foreach': None, 'maximize': False, 'differentiable': False}",68,10.588866472244263,0.09083336637607377,0.9859166666666667,0.4866474317090329,0.9709
RMSProp_Existing,"{'lr': 0.001, 'momentum': 0, 'alpha': 0.99, 'eps': 1e-08, 'centered': False, 'weight_decay': 0, 'foreach': None, 'maximize': False, 'differentiable': False}",69,10.513395547866821,0.09411034825337221,0.98645,0.6126274332173797,0.9711
RMSProp_Existing,"{'lr': 0.001, 'momentum': 0, 'alpha': 0.99, 'eps': 1e-08, 'centered': False, 'weight_decay': 0, 'foreach': None, 'maximize': False, 'differentiable': False}",70,10.513014554977417,0.09927056896388138,0.9858,0.5532095994968411,0.9715
RMSProp_Existing,"{'lr': 0.001, 'momentum': 0, 'alpha': 0.99, 'eps': 1e-08, 'centered': False, 'weight_decay': 0, 'foreach': None, 'maximize': False, 'differentiable': False}",71,10.782410383224487,0.10600485357058873,0.9856833333333334,0.5795977958344908,0.9688
RMSProp_Existing,"{'lr': 0.001, 'momentum': 0, 'alpha': 0.99, 'eps': 1e-08, 'centered': False, 'weight_decay': 0, 'foreach': None, 'maximize': False, 'differentiable': False}",72,10.521614074707031,0.09556531916149708,0.98575,0.5257734848816087,0.9709
RMSProp_Existing,"{'lr': 0.001, 'momentum': 0, 'alpha': 0.99, 'eps': 1e-08, 'centered': False, 'weight_decay': 0, 'foreach': None, 'maximize': False, 'differentiable': False}",73,10.524258613586426,0.0941590182371645,0.9866666666666667,0.5742057953054535,0.9705
RMSProp_Existing,"{'lr': 0.001, 'momentum': 0, 'alpha': 0.99, 'eps': 1e-08, 'centered': False, 'weight_decay': 0, 'foreach': None, 'maximize': False, 'differentiable': False}",74,10.47845983505249,0.09888003507722576,0.9861666666666666,0.623981844075454,0.971
RMSProp_Existing,"{'lr': 0.001, 'momentum': 0, 'alpha': 0.99, 'eps': 1e-08, 'centered': False, 'weight_decay': 0, 'foreach': None, 'maximize': False, 'differentiable': False}",75,10.452070236206055,0.09205738342825869,0.9868166666666667,0.49835351572927084,0.9707
RMSProp_Existing,"{'lr': 0.001, 'momentum': 0, 'alpha': 0.99, 'eps': 1e-08, 'centered': False, 'weight_decay': 0, 'foreach': None, 'maximize': False, 'differentiable': False}",76,10.64101243019104,0.09649754096792683,0.9858,0.5406256026917784,0.9681
RMSProp_Existing,"{'lr': 0.001, 'momentum': 0, 'alpha': 0.99, 'eps': 1e-08, 'centered': False, 'weight_decay': 0, 'foreach': None, 'maximize': False, 'differentiable': False}",77,10.499385595321655,0.09686340357839278,0.9864,0.541771332303287,0.9685
RMSProp_Existing,"{'lr': 0.001, 'momentum': 0, 'alpha': 0.99, 'eps': 1e-08, 'centered': False, 'weight_decay': 0, 'foreach': None, 'maximize': False, 'differentiable': False}",78,10.426708459854126,0.0891013797464714,0.9864833333333334,0.46956868634869586,0.9697
RMSProp_Existing,"{'lr': 0.001, 'momentum': 0, 'alpha': 0.99, 'eps': 1e-08, 'centered': False, 'weight_decay': 0, 'foreach': None, 'maximize': False, 'differentiable': False}",79,10.59252643585205,0.10999561597848025,0.98555,0.5481113309871651,0.9705
RMSProp_Existing,"{'lr': 0.001, 'momentum': 0, 'alpha': 0.99, 'eps': 1e-08, 'centered': False, 'weight_decay': 0, 'foreach': None, 'maximize': False, 'differentiable': False}",80,10.635400772094727,0.08763405373888007,0.98695,0.5107626613715419,0.97
RMSProp_Existing,"{'lr': 0.001, 'momentum': 0, 'alpha': 0.99, 'eps': 1e-08, 'centered': False, 'weight_decay': 0, 'foreach': None, 'maximize': False, 'differentiable': False}",81,10.479769468307495,0.10680345653274788,0.9861666666666666,0.5551940197946612,0.9677
RMSProp_Existing,"{'lr': 0.001, 'momentum': 0, 'alpha': 0.99, 'eps': 1e-08, 'centered': False, 'weight_decay': 0, 'foreach': None, 'maximize': False, 'differentiable': False}",82,10.565143346786499,0.09221979490323769,0.9865166666666667,0.5344467452277721,0.9708
RMSProp_Existing,"{'lr': 0.001, 'momentum': 0, 'alpha': 0.99, 'eps': 1e-08, 'centered': False, 'weight_decay': 0, 'foreach': None, 'maximize': False, 'differentiable': False}",83,10.558445453643799,0.10380020011838426,0.9863833333333333,0.49266549603817655,0.9691
RMSProp_Existing,"{'lr': 0.001, 'momentum': 0, 'alpha': 0.99, 'eps': 1e-08, 'centered': False, 'weight_decay': 0, 'foreach': None, 'maximize': False, 'differentiable': False}",84,10.447109460830688,0.09029182290578844,0.9870166666666667,0.6355944606351616,0.9684
RMSProp_Existing,"{'lr': 0.001, 'momentum': 0, 'alpha': 0.99, 'eps': 1e-08, 'centered': False, 'weight_decay': 0, 'foreach': None, 'maximize': False, 'differentiable': False}",85,10.53743290901184,0.09140669307975482,0.9869,0.48588295540012905,0.9707
RMSProp_Existing,"{'lr': 0.001, 'momentum': 0, 'alpha': 0.99, 'eps': 1e-08, 'centered': False, 'weight_decay': 0, 'foreach': None, 'maximize': False, 'differentiable': False}",86,10.6217520236969,0.09931187074383786,0.9861,0.6755572415974666,0.9706
RMSProp_Existing,"{'lr': 0.001, 'momentum': 0, 'alpha': 0.99, 'eps': 1e-08, 'centered': False, 'weight_decay': 0, 'foreach': None, 'maximize': False, 'differentiable': False}",87,10.440503597259521,0.10347863296971076,0.9866666666666667,0.6185216589207047,0.9698
RMSProp_Existing,"{'lr': 0.001, 'momentum': 0, 'alpha': 0.99, 'eps': 1e-08, 'centered': False, 'weight_decay': 0, 'foreach': None, 'maximize': False, 'differentiable': False}",88,10.530207633972168,0.09573148783369713,0.9859,0.7541688474226402,0.9696
RMSProp_Existing,"{'lr': 0.001, 'momentum': 0, 'alpha': 0.99, 'eps': 1e-08, 'centered': False, 'weight_decay': 0, 'foreach': None, 'maximize': False, 'differentiable': False}",89,10.489450931549072,0.09330382884990313,0.9864166666666667,0.5437452803884193,0.9704
RMSProp_Existing,"{'lr': 0.001, 'momentum': 0, 'alpha': 0.99, 'eps': 1e-08, 'centered': False, 'weight_decay': 0, 'foreach': None, 'maximize': False, 'differentiable': False}",90,10.433670282363892,0.10724901573480919,0.9855833333333334,0.5219285409073817,0.9706
RMSProp_Existing,"{'lr': 0.001, 'momentum': 0, 'alpha': 0.99, 'eps': 1e-08, 'centered': False, 'weight_decay': 0, 'foreach': None, 'maximize': False, 'differentiable': False}",91,10.530171871185303,0.11390207834178544,0.9858833333333333,0.6189361857574615,0.9696
RMSProp_Existing,"{'lr': 0.001, 'momentum': 0, 'alpha': 0.99, 'eps': 1e-08, 'centered': False, 'weight_decay': 0, 'foreach': None, 'maximize': False, 'differentiable': False}",92,10.41932988166809,0.10796722902068434,0.9861833333333333,0.5683461945149082,0.9715
RMSProp_Existing,"{'lr': 0.001, 'momentum': 0, 'alpha': 0.99, 'eps': 1e-08, 'centered': False, 'weight_decay': 0, 'foreach': None, 'maximize': False, 'differentiable': False}",93,10.380634546279907,0.09502164272645332,0.9869333333333333,0.7247558981188107,0.9703
RMSProp_Existing,"{'lr': 0.001, 'momentum': 0, 'alpha': 0.99, 'eps': 1e-08, 'centered': False, 'weight_decay': 0, 'foreach': None, 'maximize': False, 'differentiable': False}",94,10.492491960525513,0.09840657493897043,0.9876,0.6578113826113992,0.9711
RMSProp_Existing,"{'lr': 0.001, 'momentum': 0, 'alpha': 0.99, 'eps': 1e-08, 'centered': False, 'weight_decay': 0, 'foreach': None, 'maximize': False, 'differentiable': False}",95,10.52220892906189,0.10232520987636998,0.9866833333333334,0.6637588413898663,0.972
RMSProp_Existing,"{'lr': 0.001, 'momentum': 0, 'alpha': 0.99, 'eps': 1e-08, 'centered': False, 'weight_decay': 0, 'foreach': None, 'maximize': False, 'differentiable': False}",96,10.547471284866333,0.08926934147465751,0.98705,0.6442343754784339,0.9684
RMSProp_Existing,"{'lr': 0.001, 'momentum': 0, 'alpha': 0.99, 'eps': 1e-08, 'centered': False, 'weight_decay': 0, 'foreach': None, 'maximize': False, 'differentiable': False}",97,10.46867299079895,0.0928686927906062,0.9882666666666666,0.6419131518345609,0.9712
RMSProp_Existing,"{'lr': 0.001, 'momentum': 0, 'alpha': 0.99, 'eps': 1e-08, 'centered': False, 'weight_decay': 0, 'foreach': None, 'maximize': False, 'differentiable': False}",98,10.46416449546814,0.0991579171625217,0.9872666666666666,0.7093618140104482,0.9714
RMSProp_Existing,"{'lr': 0.001, 'momentum': 0, 'alpha': 0.99, 'eps': 1e-08, 'centered': False, 'weight_decay': 0, 'foreach': None, 'maximize': False, 'differentiable': False}",99,10.469995021820068,0.08694486159767428,0.9874333333333334,0.704660406043151,0.9711
RMSProp_Existing,"{'lr': 0.001, 'momentum': 0, 'alpha': 0.99, 'eps': 1e-08, 'centered': False, 'weight_decay': 0, 'foreach': None, 'maximize': False, 'differentiable': False}",100,10.498596906661987,0.10632291566772176,0.98725,0.715378222432406,0.9713
