optimizer,optimizer_parameters,epoch,time,train_loss,train_accuracy,test_loss,test_accuracy
RMSProp_Existing,"{'lr': 0.001, 'momentum': 0, 'alpha': 0.99, 'eps': 1e-08, 'centered': False, 'weight_decay': 0, 'foreach': None, 'maximize': False, 'differentiable': False}",1,10.450665950775146,0.2701493541285396,0.91825,0.18529186816160798,0.9457
RMSProp_Existing,"{'lr': 0.001, 'momentum': 0, 'alpha': 0.99, 'eps': 1e-08, 'centered': False, 'weight_decay': 0, 'foreach': None, 'maximize': False, 'differentiable': False}",2,10.535204887390137,0.16151070125171293,0.9536333333333333,0.1457086570833188,0.9567
RMSProp_Existing,"{'lr': 0.001, 'momentum': 0, 'alpha': 0.99, 'eps': 1e-08, 'centered': False, 'weight_decay': 0, 'foreach': None, 'maximize': False, 'differentiable': False}",3,10.460142850875854,0.13752644573602205,0.9612166666666667,0.15729195629036855,0.9616
RMSProp_Existing,"{'lr': 0.001, 'momentum': 0, 'alpha': 0.99, 'eps': 1e-08, 'centered': False, 'weight_decay': 0, 'foreach': None, 'maximize': False, 'differentiable': False}",4,10.486098527908325,0.1286725370986232,0.9652833333333334,0.14336801807909336,0.9646
RMSProp_Existing,"{'lr': 0.001, 'momentum': 0, 'alpha': 0.99, 'eps': 1e-08, 'centered': False, 'weight_decay': 0, 'foreach': None, 'maximize': False, 'differentiable': False}",5,10.614505529403687,0.12035850556879304,0.9672833333333334,0.1555368929167422,0.9647
RMSProp_Existing,"{'lr': 0.001, 'momentum': 0, 'alpha': 0.99, 'eps': 1e-08, 'centered': False, 'weight_decay': 0, 'foreach': None, 'maximize': False, 'differentiable': False}",6,10.483588457107544,0.11178197630094752,0.9710833333333333,0.15970743771357174,0.9621
RMSProp_Existing,"{'lr': 0.001, 'momentum': 0, 'alpha': 0.99, 'eps': 1e-08, 'centered': False, 'weight_decay': 0, 'foreach': None, 'maximize': False, 'differentiable': False}",7,10.563040494918823,0.10910553703663366,0.9715833333333334,0.16088941985308977,0.9637
RMSProp_Existing,"{'lr': 0.001, 'momentum': 0, 'alpha': 0.99, 'eps': 1e-08, 'centered': False, 'weight_decay': 0, 'foreach': None, 'maximize': False, 'differentiable': False}",8,10.597610473632812,0.10812218549767859,0.9731666666666666,0.15499030086498744,0.9668
RMSProp_Existing,"{'lr': 0.001, 'momentum': 0, 'alpha': 0.99, 'eps': 1e-08, 'centered': False, 'weight_decay': 0, 'foreach': None, 'maximize': False, 'differentiable': False}",9,10.49616026878357,0.10460109325633869,0.9734333333333334,0.16380210035461273,0.9614
RMSProp_Existing,"{'lr': 0.001, 'momentum': 0, 'alpha': 0.99, 'eps': 1e-08, 'centered': False, 'weight_decay': 0, 'foreach': None, 'maximize': False, 'differentiable': False}",10,10.464308023452759,0.10002413997689534,0.9758333333333333,0.18867030351545652,0.9655
